C[C@@H](C1)N[C@@]2(C(NC3=C2C=C(Cl)C=C3)=O)C4=C1C5=CC(F)=C(Cl)C=C5N4,0.00044
COc1ccccc1N=C2C(=O)c3ccccc3C(=C2N4CCCCC4)O,0.0053
Cc1cc(Nc2ccc(C)c(Cl)c2)n3nc(nc3n1)C(F)(F)F,0.00671
O=C(N=C(S/1)N(C(C)=O)C2=CC=CC=C2)C1=C\C3=C(C)N(C4=CC=C(C=C4)C(F)(F)F)C(C)=C3,0.0153333333
FC(C=C1)=C(F)C=C1[C@@H](OC(F)F)COC2=CN=CC3=NN=C(C4=CC=C(C#N)C=C4)N32,0.01668
COc1ccc(NC(=O)C2C(N(CC(C)C)C(=O)c3ccccc23)c4cccs4)cc1Cl,0.0202
C[C@@H](CC1)N[C@@]2(C(NC3=C2C=C(Cl)C=C3)=O)C4=C1C5=CC=CC=C5N4,0.022
Oc1ccccc1CNCC23CC4CC(CC(C4)C2)C3,0.0226
COc1cccc(C=CC2=NC(=O)c3ccccc3O2)c1OC,0.0238
c1ncc2n(c1OCC(c1cc(c(cc1)F)F)CO)c(nn2)c1ccc(cc1)OC(F)F,0.02432
Cc1ccc(cc1)N2C3N(c4ccccc4C2N(c5ccccc35)S(=O)(=O)c6ccc(C)cc6)S(=O)(=O)c7ccc(C)cc7,0.0248
CC1=C(/C=C2S/C(NC\2=O)=N\C3=CC=CC=C3)C=C(C)N1C4=CC=CC=C4,0.025
CC1CN(CC(C)O1)C(=O)c2sc3ccccc3c2Cl,0.0255
O=C1C2=CC=CC=C2[C@H](C(NC3=CC(C#N)=C(F)C=C3)=O)[C@@H](C4=CN=CC=C4)N1CC(F)(F)F,0.03
CC(C)CN1C(C(C(=O)Nc2cc(C)on2)c3ccccc3C1=O)c4cccs4,0.0328
c1(ncc2n(c1)c(nn2)c1ccc(cc1)OC(F)F)OCCc1cc(c(cc1)F)F,0.03382
CC1=C(/C=C2S/C(NC\2=O)=N\C3=CC=CC=C3)C=C(C)N1C4=CC(C(F)(F)F)=CC(C(F)(F)F)=C4,0.034
COc1ccc(NC(=O)C2C(N(CC(C)C)C(=O)c3ccccc23)c4cccs4)cc1,0.0367
C(c1ccccc1)n2c(N=Nc3c(Nc4ccccc4)ccc5ccccc35)nc6ccccc26,0.0368
COc1ccc2nccc(C(O)C3CC4(CCN3CC4)C=C)c2c1,0.0423
FC1=CC=C(C=C1)N2C(C)=CC(/C=C(SC(N(C3=CC=CC=C3)C(C)=O)=N4)/C4=O)=C2C,0.04575
CN(C)c1ccc(C=CC2=NC(=O)c3ccccc3O2)cc1,0.0515
c(c(ccn1)NCCN(CC)CC)(ccc(Cl)c2)c12,0.0581
O=C(N=C(S/1)N(C2=CC=CC=C2)C(C)=O)C1=C\C3=C(C)N(C4=CC=CC=C4)C(C)=C3,0.0586666667
C(COc1cncc2n1c(nn2)c1ccc(cc1)OC(F)F)(c1ccc(c(c1)F)F)F,0.06536
CC1=C(/C=C2S/C(NC\2=O)=N\C3=CC=CC=C3)C=C(C)N1C4=CC=C(C)C=C4,0.067
COc1ccccc1CNC(=O)CCN2C(=O)Nc3ccccc3C2=O,0.0726
FC(OC1=CC=C(C2=NN=C3C=NC=C(N32)OCC(C4=CC(F)=C(C=C4)F)O)C=C1)F,0.074
COc1cc(OC)c(cc1Cl)N(C)C(=O)c2cc3CS(=O)(=O)c4ccccc4c3s2,0.0782
CC1=CC(/C=C(C(N/2)=O)\SC2=N/C3=CC=CC=C3)=C(C)N1C(C=C4)=CC=C4C(F)(F)F,0.0786666667
CNCCCNc1ccnc2cc(Cl)ccc12,0.0822
n1(n2)c(nc(C)cc1Nc(cc(C)cc3C)c3)nc2C(F)(F)F,0.0857
c1(cc(c2ccc(OC)cc2)n3)n3ccnc1SCC(=O)Nc(c(Cl)ccc4C(F)(F)F)c4,0.0899
c1(cc(c2ccc(C)cc2)n3)n3ccnc1SCC(=O)Nc(c(Cl)ccc4C(F)(F)F)c4,0.0928
Cc1ccc(cc1)c2cc3C(=O)c4ccccc4c3nn2,0.0944
C(COc1cncc2n1c(nn2)c1ccc(cc1)OC(F)F)(c1ccc(c(c1)F)F)(O)C,0.1012
CCCCCCOC(=O)C1=C(C)NC(=O)NC1c2ccccc2F,0.106
FC1=C(F)C=CC(CCOC2=CN=CC3=NN=C(C4=CC=C(Cl)C=C4)N32)=C1,0.1078
c1ncc2n(c1OCCc1cc(c(cc1)F)F)c(cn2)c1ccc(cc1)Cl,0.11
FC(OC(C=C1)=CC=C1C2=NN=C3C=NC=C(CN4CC(C=CC=C5)=C5C4)N32)F,0.11
FC1=C(F)C=CC(C(OC)COC2=CN=CC3=NN=C(C4=CC=C(C#N)C=C4)N32)=C1,0.1105
FC(F)OC(C=C1)=CC=C1C2=NN=C3C=NC=C(OCC(C4=CC=CC=C4)CO)N32,0.1137
c1ncc2n(c1Oc1cc3c(cc1)cccc3)c(nn2)c1ccc(cc1)OC(F)F,0.1147
CCOc1ccc(cc1OCC)c2nonc2NC(=O)c3cccc(C)c3,0.117
CCOC(=O)c1ccc2nc(cc(O)c2c1)c3ccccc3,0.118
CCOC(=O)C1=CN(CC)c2cc(N3CCCCC3)c(F)cc2C1=O,0.119
O=C(/C(S/1)=C/C2=C(C)N(C(C)=C2)C3=CC(OC)=CC=C3)NC1=N\C4=CC=CC=C4,0.119
C(COc1cncc2n1c(nn2)c1ccc(cc1)OC(F)F)(c1ccc(c(c1)F)F)(F)C,0.1228
ClC(C=C1)=CC=C1C2=NN=C3N2C(OCCC4=CC=CC=C4)=CN=C3,0.13
CSC1=NC(=Nc2c(C)cccc2C)C3(CCC(CC3)C(C)(C)C)N1c4ccc(Cl)cc4,0.135
FC(F)OC(C=C1)=CC=C1C2=NN=C3C=NC=C(OCCC4=CC(OC)=CC=C4)N32,0.135
COc1cccc(NC(=O)[C@H](C(C)C)N2C(=O)Nc3ccccc3C2=O)c1,0.139
COc1ccccc1CNC(=O)CCN2C(=O)Nc3ccsc3C2=O,0.14
FC1=C(C=CC(C(COC2=CN=CC3=NN=C(N32)C4=CC=C(OC(F)F)C=C4)N(C)C)=C1)F,0.1408
CN1CCN(CC1)c2ccc(Nc3c4ccccc4nc5ccccc35)cc2,0.1415
[O-][N+](=O)c1ccc(C=NNc2nc3ccccc3[nH]2)cc1,0.142
CCC1(C)CC(CCNCc2ccccc2O)(CCO1)c3ccc(C)cc3,0.142
CCCc1cc(O)c2C3=C(CN(C)CC3)C(=O)Oc2c1,0.146
COc1ccc(cc1)C2=C(c3ccc(OC)cc3)C4(C5C(C(=O)N(C5=O)c6ccc(C)cc6)C2(C4=O)c7ccccc7)c8ccccc8,0.148
CCOC(=O)C1=C(N=C2SC(=Cc3cc(C)n(c3C)c4ccc(F)cc4)C(=O)N2C1c5cccc(OC)c5OC)c6ccccc6,0.154
c1nc(c2n(c1OCCc1cc(c(cc1)F)F)c(nn2)c1ccc(cc1)OC(F)F)Cl,0.16
CC(C)(C)c1ccc(O)c(CNC2CCCCC2)c1,0.161
O=C(/C(S/1)=C/C2=C(C)N(C3=CC=C(OC)C=C3)C(C)=C2)NC1=N\C4=CC=CC=C4,0.1656666667
COc1ccc(C=C2SC(=N)N(C2=O)c3ccccc3OC)cc1,0.168
O=C(N=C(S/1)N(C2=CC=CC=C2)C(C)=O)C1=C\C3=C(C)N(C4=CC=C(C)C=C4)C(C)=C3,0.169
COc1ccc(c(OC)c1)n2ccnc2SCC(=O)Nc3cc(C)ccc3C,0.17
c1ncc2n(c1Oc1ccc3c(c1)cc(cc3F)F)c(nn2)c1ccc(cc1)OC(F)F,0.1734
COc1ccc(cc1)c2nc3cc(Cc4ccc5[nH]c(nc5c4)c6ccc(OC)cc6)ccc3[nH]2,0.1765
COc1ccc(cc1N2C(=O)C3C(C2=O)C4(C(=O)C3(C(=C4c5ccc(C)cc5)c6ccc(C)cc6)c7ccccc7)c8ccccc8)C(=O)C,0.179
COc1ccc(Br)cc1C2Nc3ccc4ccccc4c3C5=C2C(=O)CC(C5)c6ccccc6,0.18
O=C(NC1=CC=C(F)C=C1F)NC2=C(C3=CC=C(Br)C=C3)C(C(F)(F)F)=NN2C,0.184
FC1=CC=C(N2C(C)=CC(/C=C3S/C(NC\3=O)=N\C4=CC=CC=C4)=C2C)C=C1,0.1925
CCc1ccc(Nc2cc(C)c3ccc(O)cc3n2)cc1,0.194
CCCN(CCC)CC(O)COc1ccccc1C(=O)Nc2ccccc2,0.196
CCOC(=O)C1=CN(CC)c2cc(N(C)CCc3ccc(OC)c(OC)c3)c(F)cc2C1=O,0.205
CCOC(=O)c1c(NC(=O)c2ccccc2)sc3c(O)c(CN(CC)CC)ccc13,0.205
CSc1ccccc1C(=O)Nc2nc(cs2)c3ccccn3,0.206
FC1=C(F)C=CC(C(OC)COC2=CN=CC3=NN=C(C4=CC=C(C#N)C=C4)N32)=C1,0.207
c1ncc2n(c1C(Nc1cccc(c1)Cl)=O)c(nn2)c1ccc(cc1)OC(F)F,0.211
n1(n2)c(nc(C)cc1Nc(cc3)ccc3Cl)nc2C(F)(F)F,0.212
CCOC(=O)c1c(C)n(c2ccc(Cl)cc2)c3ccc(OC(=O)C=Cc4ccccc4)cc13,0.2155
c1(cc(c2ccccc2)n3)n3ccnc1SCC(=O)Nc(c(Cl)ccc4C(F)(F)F)c4,0.218
CCOC(=O)c1cnc2c(C)cc(C)cc2c1Nc3ccc(OC)c(OC)c3,0.232
CN(C)CCCNc1c2ccccc2nc3ccccc13,0.235
CCCCCC(=O)N1C(C2=C(O)CC(CC2=Nc3ccccc13)c4ccc(OC)c(OC)c4)c5ccc(cc5)C(F)(F)F,0.237
n1(ncn2)c2nc(C)cc1Nc(ccc(cccc3)c34)c4,0.242
CCCC1=C(CC)C(=N)c2ccccc2N1C,0.2425
c1ncc2n(c1C(NCc1cc(ccc1)Cl)=O)c(nn2)c1ccc(cc1)OC(F)F,0.25
C1CN(CCO1)c2ccc(Nc3ccnc4cc5ccccc5cc34)cc2,0.251
FC(F)OC(C=C1)=CC=C1C2=NN=C3C=NC=C(OCCC4=CC=CC=C4)N32,0.251
CN(C)c1ccc(cc1)C(O)(c2ccc(cc2)N(C)C)c3ccc(cc3)N(C)C,0.255
CCOC(C1=CC=C(N2C(C)=CC(/C=C(C(N/3)=O)\SC3=N/C4=CC=CC=C4)=C2C)C=C1)=O,0.2583333333
CCC(c1ccccc1)c2nn3c(nnc3s2)c4cccs4,0.259
ClC1=CC=CC(C2=NN=C3C=NC=C(OCCC4=CC=CC=C4)N32)=C1Cl,0.259
O=C(/C(S/1)=C/C2=C(C)N(C3=CC=C([N+]([O-])=O)C=C3)C(C)=C2)NC1=N\C4=CC=CC=C4,0.262
c1ncc2n(c1Oc1ccc(cc1)S(F)(F)(F)(F)F)c(nn2)c1ccc(cc1)OC(F)F,0.2627
Cc1cc(C=C2SC(=Nc3ccccc3)N(C4CCCC4)C2=O)c(C)n1c5ccc(Cl)cc5,0.263
Cc1cc(C)c2CN(Cc3ccccc3Cl)COc2c1,0.268
CC1CCN(Cc2ccc(NC(=O)c3cc4ccc5cccnc5c4[nH]3)cc2)CC1,0.274
CC(N1C2=CC=C(C(F)(F)F)C=C2)=C(/C=C(C(N/3C4CCCC4)=O)\SC3=N/C5=CC=CC=C5)C=C1C,0.2766666667
CC1=C(/C=C2S/C(NC\2=O)=N\C3=CC=CC=C3)C=C(C)N1C4=NC=CC=C4,0.277
c1ncc2n(c1OC[C@@H](c1cc(c(cc1)F)F)N)c(nn2)c1ccc(cc1)OC(F)F,0.2785
c1(ccccc1)CCCc1cncc2n1c(nn2)c1ccc(cc1)OC(F)F,0.28
c1c(ccc(c1F)F)CNC(c1cncc2n1c(nn2)c1ccc(cc1)OC(F)F)=O,0.28
FC1=C(F)C=CC(CCOC2=CN=CC3=NN=C(C4=CC=C(OC(F)F)C=C4)N32)=C1,0.281
Cc1ccc(cc1)N2C(=O)C3C(C2=O)C4(C(=O)C3(C(=C4c5ccccc5)c6ccccc6)c7ccccc7)c8ccccc8,0.282
CC(N1C2=CC=C(F)C=C2)=CC(C(OCC(NC(C3=O)=C(N(N3C4=CC=CC=C4)C)C)=O)=O)=C1C,0.28225
C1(O)(CC(=O)c(ccc(OC)c2)c2O1)C(F)(F)C(F)(F)F,0.283
N#CC(C=C1)=CC=C1C2=NN=C3N2C(OCC(OC)C4=CC=CC=C4)=CN=C3,0.285
OC(CNC1CCCCC1)Cn2c3ccccc3c4ccccc24,0.293
[n+]1(C)c2c(cccc2)nc(ccc(NCCO)c3)c13,0.296
Cc1cc(NCCN2CCCCC2)c3ccc4ccccc4c3n1,0.3
CC(N1C2=CC=C(C(F)(F)F)C=C2)=CC(/C=C(C(N/3C4=CC=CC=C4)=O)\SC3=N/C5=CC=CC=C5)=C1C,0.3036666667
C(Cc1c[nH]c2ccccc12)Nc3c4ccccc4nc5ccccc35,0.304
Cc1cccc(c1)N2C(=O)C3C(C2=O)C4(C(=O)C3(C(=C4c5ccc6OCOc6c5)c7ccc8OCOc8c7)c9ccccc9)c%10ccccc%10,0.3045
c1c(c(c(cc1)C(F)(F)F)Cl)CNC(c1cncc2n1c(nn2)c1ccc(cc1)OC(F)F)=O,0.309
FC(F)OC(C=C1)=CC=C1C2=NN=C3C=NC=C(C(NC4=CC(C(F)(F)F)=CC(C(F)(F)F)=C4)=O)N32,0.309
N#CC(C=C1)=CC=C1C2=NN=C3C=NC=C(OCCC4=CC=CC=C4Cl)N32,0.309
FC(F)(F)c1cccc(Nc2nc3ccccc3nc2Nc4cccc(c4)C(F)(F)F)c1,0.313
CCOC(=O)c1cnc2c(C)cccc2c1Nc3ccc(cc3)C(=O)C,0.314
OC(C1=CC=CC=C1)COC2=CN=CC3=NN=C(C4=CC=C(OC(F)F)C=C4)N32,0.314275
c1ncc2n(c1CCCc1cc(c(cc1)F)F)c(nn2)c1ccc(cc1)OC(F)F,0.32
Oc1ccc(cc1)c2nc(c3ccc4oc5ccc(cc5c4c3)c6[nH]c(nc6c7ccccc7)c8ccc(O)cc8)c([nH]2)c9ccccc9,0.326
COC(=O)c1ccc(cc1)C2N(C(=O)c3ccccc3)c4ccccc4N=C5CC(CC(=C25)O)c6ccc(F)cc6,0.3265
FC(C(Cl)=C1)=CC=C1NC(C2=CN=CC3=NN=C(C4=CC=C(OC(F)F)C=C4)N32)=O,0.3292
c1c(c(ccc1Cl)Cl)CNC(c1cncc2n1c(nn2)c1ccc(cc1)OC(F)F)=O,0.3321
Fc1ccc2[nH]c3c(NCCCN4CCOCC4)ncnc3c2c1,0.345
O=C(NC1=CC=NC(C(F)(F)F)=C1)C2=CN=CC3=NN=C(C4=CC=C(OC(F)F)C=C4)N32,0.3475
c12c(CC(C(O)=O)NC1c3ccc(Cl)cc3Cl)c4c(cccc4)[nH]2,0.35
Cc1ccc(Nc2nc(cs2)c3ccccn3)cc1,0.35
COc1cc(cc(OC)c1O)c2nc(c3ccc(Sc4ccccc4)cc3)c([nH]2)c5ccccc5,0.35
c1(cnc(c2c1O)ccc(CC)c2)C(OCC)=O,0.351
c1ncc2n(c1COCc1cc(c(cc1)F)F)c(nn2)c1ccc(cc1)OC(F)F,0.36
CCN1CCN(Cc2ccc(NC(=O)c3cc4ccc5cccnc5c4[nH]3)cc2)CC1,0.361
CC(C)(C)c1ccc2OCN(Cc3ccc(Cl)cc3)Cc2c1,0.362
FC(C=C1)=CC=C1C2=NN=C3C=NC=C(OCCC4=CC=CC=C4)N32,0.366
CCOc1cc2CCNC(c3cc(OC)c(O)cc3Cl)c2cc1OCC,0.37
FC(F)OC(C=C1)=CC=C1C2=NN=C3C=NC=C(OCCC4(C56)C7C6C8C5C4C87)N32,0.372
C12=C(C=C(C(=O)NCc(cccn3)c3)C(=N)N1CCc(cc4)ccc4OC)C(=O)N(C=CC=C5C)C5=N2,0.373
C(CCCNc1c2CCCCc2nc3ccccc13)CCNc4c5CCCCc5nc6ccccc46,0.376
CCC1=C(C)C(=N)c2ccccc2N1C,0.378
c1ncc2n(c1C(NCc1ccccc1Cl)=O)c(nn2)c1ccc(cc1)OC(F)F,0.38
CC1=C(CC(=O)c2cccc(c2)[N+](=O)[O-])C(=O)c3ccccc3C1=O,0.381
c1ncc2n(c1Oc1ccc(cc1)C(F)(F)F)c(nn2)c1ccc(cc1)OC(F)F,0.3829
N1(C=CC(N)=NC1=O)C2O[C@@H]([C@@H](O)[C@H]2O)CO,0.385
CCCCCCc1cc2C=C(C(=O)Oc2cc1O)c3csc(C=Cc4ccccc4)n3,0.387
c1(c(ccn2)NCCN(CC)CC)c2cc(cccc3)c3c1,0.391
COc1cccc(c1)C(=O)NC(c2ccc(C)cc2)c3cc(Cl)c4cccnc4c3O,0.393
Cc1ccc(cc1)c2cc3nc4CCCCc4c(O)n3n2,0.396
Cc1cccc(Nc2nc(N)c3ccccc3n2)c1,0.4
c12c(ncnc1NCCN(CC)CC)c3c(ccc(Cl)c3)[nH]2,0.406
CCCOCc1cc(CN2CCN(CC2)c3cccc(Cl)c3)c(O)c4ncccc14,0.407
Fc1cccc(c1)C2Sc3ccccc3N=C4C2C(=O)c5ccccc45,0.4145
C12=NN=C(C3=CC(C=CC=C4)=C4C=C3)N1C(OCCC5=CC=CC=C5)=CN=C2,0.415
n1c(NCCO)c2c(cccc2)nc1Nc(ccc(C)c3C)c3,0.428
C1(CN(C1)c1cc(c(cc1)F)F)Oc1cncc2n1c(nn2)c1ccc(cc1)OC(F)F,0.43
C(F)(F)(F)c(cc1)ccc1C(=O)NCC(N2CCCCCC2)c(ccs3)c3,0.433
C(COc1cncc2n1c(nn2)c1cnc(cc1)C(F)(F)F)c1cc(c(cc1)F)F,0.4349
CCOc1ccc2OCN(Cc3ccc(Cl)cc3)Cc2c1,0.439
COc1ccc(cc1)c2nc(NC(=O)CS(=O)(=O)c3ccc(F)cc3)sc2C,0.448
Brc1cccc(c1)C(=O)Nc2ccc(cc2)c3nc4cc5ccccc5cc4[nH]3,0.45
ClC(C=C1)=CC=C1C2=NN=C3C=NC=C(OCC4=CC=C(F)C(F)=C4)N32,0.452
Cc1ccc(cc1)C2CC(n3nc(cc3N2)C(=O)N4CCN(CC4)C(c5ccccc5)c6ccccc6)C(F)(F)F,0.454
c1ncc2n(c1Oc1cc(c(cc1)Cl)Cl)c(nn2)c1ccc(cc1)OC(F)F,0.4551
OC(CNC1CCCCC1)Cn2c3ccc(I)cc3c4cc(I)ccc24,0.466
n1c(Nc(cc2)ccc2OC)cc(C)nc1NCc3ccccc3,0.467
c1ncc2n(c1OCCc1cc(c(cc1)F)F)c(nn2)N1Cc2c(C1)cccc2,0.47
CC(C)CCNCC(O)Cn1c2ccccc2c3ccccc13,0.473
n1(nc(C)c2c3ccc(OC)c(OC)c3)c2ncc(C#N)c1N,0.477
COc1ccccc1N2C(=N)SC(=Cc3ccc(OCc4ccccc4F)cc3)C2=O,0.4775
CCOc1ccc2nc(C)cc(Nc3ccc(Br)cc3)c2c1,0.48
C1(COC1)(COc1cncc2n1c(nn2)c1ccc(cc1)OC(F)F)c1cc(c(cc1)F)F,0.4833
CCOC(=O)C1=C(C)N=C2SC(=Cc3cc(Cl)ccc3O)C(=O)N2C1c4ccc(OC)cc4,0.489
c1(ccc2n(n1)c(nn2)c1ccc(cc1)OC(F)F)NCCc1ccc(cc1)F,0.5096
CCOc1c(Br)cc(cc1OC)C2C(=CN(C)C=C2C(=O)OC)C(=O)OC,0.5115
CCn1c(CN2CCN(Cc3ccccc3)CC2)nc4cc(NC(=O)c5cccs5)ccc14,0.512
COc1ccc(cc1)C(=O)NC(c2ccc(Cl)cc2Cl)c3cc(Cl)c4cccnc4c3O,0.513
FC1=CC=C(N2C(C)=CC(C(OCC(N)=O)=O)=C2C)C=C1,0.515
COc1ccc(cc1Cl)C(=O)Nc2nonc2c3ccc(OC)c(OC)c3,0.516
CCOC(=O)C1=CN(C)C=C(C1c2cc(Br)c(OCC)c(OC)c2)C(=O)OCC,0.5185
COc1ccc2C(=O)C=C(Oc2c1)C(Cl)(Cl)Cl,0.52
c1(ncc2n(c1)c(nn2)c1ccc(cc1)OC(F)F)OCc1cc(c(cc1)F)F,0.5207
FC(F)OC(C=C1)=CC=C1C2=NN=C3C=NC=C(OCC4=CC=C(Cl)C(Cl)=C4)N32,0.529
COc1cccc(O)c1CN2CCC3(CCCN(Cc4ccc(F)cc4)C3)C2,0.53
COc1ccc(Nc2nc(NN=Cc3ccc(O)cc3)nc(Nc4ccc(cc4)[N+](=O)[O-])n2)cc1,0.532
CCCCCCc1cc(O)c2C3=C(CCC(C)C3)C(=O)Oc2c1,0.534
N#CC(C=C1)=CC=C1C2=NN=C3C=NC=C(OCCC4=CC=CC=C4)N32,0.534
Cc1ccc(c(O)c1)c2cc([nH]n2)C(=O)Nc3ccc(cc3)S(=O)(=O)N4CCCCC4,0.535
CC(=O)c1sc(NC(=O)Nc2ccc(C)cc2C)nc1C,0.536
CCCCc1ccc(NS(=O)(=O)c2cc3CCN4C(=O)CCc(c2)c34)cc1,0.538
Cc1ccc(F)cc1NC(=O)c2cc(Cl)ccc2Nc3ccccc3,0.539
CN1C(=O)N(C)c2cc(CNCCNc3ccnc4cc(Cl)ccc34)ccc12,0.545
c1ncc2n(c1C(=O)NC1CCc3c1ccc(c3)Cl)c(nn2)c1ccc(cc1)OC(F)F,0.5468
Oc1ccccc1CN2CCC3(CCCN(Cc4ccccc4F)C3)C2,0.548
CCCCCCc1cc2C=C(C(=Nc3ccccc3C)Oc2cc1O)c4nc5ccccc5[nH]4,0.551
COc1ccc(C=C2SC(=NC2=O)Nc3ccccc3)cc1,0.551
CN1C=C(C(c2ccccc12)c3c[nH]c4ccccc34)c5ccc6ccccc6n5,0.552
ClCC(=O)NCCOc1ccc(Cl)cc1Cl,0.555
CCOc1ccc(C=CC2=NC(=O)c3ccccc3O2)cc1,0.56
Brc1ccc2OCC(=Cc2c1)C(=O)NCCCN3CCC(CC3)N4CCCCC4,0.563
OC1=C2C(Sc3ccccc3N=C2c4ccccc14)c5ccc(Br)cc5,0.567
c1ncc2n(c1N[C@H](c1cc(c(cc1)F)F)CO)c(nn2)c1ccc(cc1)OC(F)F,0.5697
c1ncc2n(c1Oc1ccc3c(c1)scc3)c(nn2)c1ccc(cc1)OC(F)F,0.5764
OC(C1=CC(F)=C(F)C=C1)COC2=CN=CC3=NN=C(C4=CC=C(C#N)C=C4)N32,0.5767
FC(C=C1)=C(F)C=C1C2=NN=C3C=NC=C(OCCC4=CC=CC=C4)N32,0.582
CCCCOC(=O)c1ccc(Nc2cc(C)nc3ccc(OC)cc23)cc1,0.584
n1c(NCc2ccccc2)c3c(cccc3)nc1Nc(cc4)ccc4OC,0.589
OCCNc1nc(Nc2ccc(Cl)c(Cl)c2)nc3ccccc13,0.59
COc1ccc(C=C2SC(=NC2=O)Nc3ccc(F)cc3)c(OC)c1,0.591
c1ncc2n(c1Oc1cc(c(cc1)Cl)C(F)(F)F)c(nn2)c1ccc(cc1)OC(F)F,0.5973
CC(NCc1ccccc1)c2cc(Cl)ccc2O,0.603
[C@H]1([C@@H](N(C1)C1CC1)c1cc(c(cc1)F)F)Oc1cncc2n1c(nn2)c1ccc(cc1)OC(F)F,0.6095
Oc1ccccc1CN2CCN(CC2)C(c3ccccc3)c4ccccc4,0.611
c1ncc2n(c1OCC(c1cc(c(cc1)F)F)N1CCOCC1)c(nn2)c1ccc(cc1)OC(F)F,0.6133
Cc1sc2ncnc(Sc3nc4ccccc4[nH]3)c2c1C,0.6145
c1(C(OCC)=O)c(cc(cc2)OC(=O)c(cc3OC)cc(OC)c3OC)c2n(c4ccccc4)c1C,0.615
CCN(Cc1ccccc1)C2CCN(Cc3cc(Br)ccc3O)CC2,0.625
COc1ccc(CCNC(=O)c2cc(ccc2Sc3ccc(F)cc3)S(=O)(=O)N4CC(C)CC(C)C4)cc1OC,0.632
Cc1ccc(CSCc2oc(cc2)C(=O)NC3CC3)cc1,0.635
CCC(O)c1ccc(Br)cc1NC(=O)c2cccc(Cl)c2,0.6405
CCN(CC)S(=O)(=O)c1ccc(cc1)c2csc(Nc3ccc(C)c(C)c3)n2,0.641
CCC(C)NCC(O)(c1ccc(Cl)cc1)c2ccc(Cl)cc2,0.642
O=C(NC1CCN(Cc2ccccc2)CC1)c3cc(cc(c3)C(=O)NC4CCN(Cc5ccccc5)CC4)C(=O)NC6CCN(Cc7ccccc7)CC6,0.646
Oc1ccc2ccccc2c1CNc3nc4ccccc4[nH]3,0.646
CC1CCCCN1CCCNC(=O)c2ccc3c(c2)sc4nc(cn34)c5ccc(F)cc5,0.648
c1ncc2nnc(n2c1C(Nc1ccc(c(c1)F)F)=O)c1ccc(cc1)OC(F)F,0.65
OC(CNC1CCCC1)Cn2c3ccccc3c4ccccc24,0.66
c1ccc(cc1)C2=Nc3ccccc3N=C(c4ccccc4)c5ccccc25,0.6615
Cc1cc(Nc2cccc(F)c2)nc(NCc3ccccc3)n1,0.662
COc1ccc(CNC2CCN(CC2)c3ccc(NC(=O)c4cccc(Cl)c4)cc3)cc1OC,0.663
CN1C(=O)c2cc(sc2c3ccccc13)C(=O)NCCCN4CCCCCC4,0.669
OC(COc1ccccc1C(=O)CCc2ccccc2)CN3CCCCC3,0.6765
CCOc1cc2CCNC(c3cc(C)c(O)c(C)c3)c2cc1OCC,0.683
n1(c2c(cccc2)n3)c3c(C#N)c(C)cc1N(CC4)CCN4C5CCCC5,0.683
Cc1cc(Nc2ccc(OCc3ccccc3)cc2)nc4cc(O)ccc14,0.684
FC(F)(F)c1cccc(CNC2CCN(CCc3ccccc3)CC2)c1,0.685
c1(cc(C)nc(ccc(OC)c2)c12)Nc3ccccc3O,0.686
C1(=NC(N(C)C2=O)=O)C2=NC(=NN1CC)c3ccc(C(=O)OC)cc3,0.693
Cc1onc(NC(=O)c2ccc(cc2)c3ccccc3)c1,0.693
CCN1C2=C(CCC2)C(=N)C3=C1CCCC3,0.6945
CC(C)OCc1cc(CN2CCN(CC2)c3cccc(Cl)c3)c(O)c4ncccc14,0.697
Cc1cc(C)c2nc(sc2c1)N3CCC(CC3)C(=O)NCCCN4CCC(CC4)N5CCCCC5,0.697
Cc1ccccc1OCCSc2nc3ccc(NC(=O)c4cccs4)cc3s2,0.697
c12c(ncnc1NCCCN(CC3)CCO3)c4c(ccc(Cl)c4)[nH]2,0.7
FC(F)OC(C=C1)=CC=C1C2=NN=C3C=NC=C(OC(C)C4=CC=C(Cl)C(Cl)=C4)N32,0.702
CCCCNc1nc(NC(C)(C)C)nc(NC(C)(C)C)n1,0.706
c12c(ncnc1NCCN(CC)CC)c3c(ccc(Br)c3)[nH]2,0.707
ClC(C=C1)=C(Cl)C=C1C2=NN=C3C=NC=C(OCCC4=CC=CC=C4)N32,0.709
CCCCC1=C(CCC)C(=N)c2ccccc2N1C,0.716
CCN(CC)CCN1C(=N)N(CC(O)c2ccc(Cl)c(Cl)c2)c3ccccc13,0.7185
CCOc1cc(Cl)c(cc1OCC)C(C)NC(=O)c2cccc(OC)c2,0.728
[C@H]1([C@H](N(C1)C1CC1)c1ccc(c(c1)F)F)Oc1cncc2nnc(n12)c1ccc(cc1)OC(F)F,0.7308
Clc1cc(NC(=O)c2oc(Br)cc2)ccc1N3CCCCC3,0.735
COc1ccc(cc1)C2=CC(=O)Oc3c4CN(Cc5ccc(F)cc5)COc4ccc23,0.735
c1ncc2n(c1Oc1ccc(cc1)C(C)(C)C)c(nn2)c1ccc(cc1)OC(F)F,0.738
O=C(Nc1cccc(c1)C(=O)Nc2cccc(c2)c3nc4ccccc4[nH]3)c5occc5,0.745
CCOc1cc2CCNC(c3cc(Cl)ccc3O)c2cc1OCC,0.746
CC1CC(C)CN(C1)C(=O)c2ccc(Cl)cc2Cl,0.7555
CC1CCCCC1NCC(O)Cn2c(C)c(C)c3ccccc23,0.769
Cc1[nH]c(cc1C(=O)NC2CCN(Cc3ccccc3)CC2)c4ccc(F)cc4,0.771
O=C(NC1=CC(Cl)=CC=C1C)C2=CN=CC(N23)=NN=C3C4=CC=C(OC(F)F)C=C4,0.7744
C(Nc1nc(Nc2ccccc2)nc3ccccc13)c4ccccc4,0.776
COc1cc(cc(OC)c1OC)C(=O)ON=C(N)Cc2cccc3ccccc23,0.782
OCCCCN1C(=O)c2ccc3C(=O)N(CCCCO)C(=O)c4ccc(C1=O)c2c34,0.795
Clc1cc(Br)ccc1c2oc(CNCC3CCNCC3)cc2,0.8005
COc1ccccc1C(=O)ON=C(N)Cc2cccc3ccccc23,0.814
O=C(Nc1ccc(cc1)C23CC4CC(CC(C4)(C2)c5ccccc5)C3)c6cccs6,0.826
c1ncc2cnc(n2c1OCCc1cc(c(cc1)F)F)c1ccc(cc1)Cl,0.83
COc1ccc(cc1)C(=O)NC(c2ccccc2Cl)c3cc(Cl)c4cccnc4c3O,0.83
n1(CCc2ccccc2F)c3c(nc4c(cccc4)n3)c(C(=O)NCC(C)C)c1N,0.832
Cc1nc2ccccc2c(O)c1CC=C(Cl)Cl,0.8355
Clc1ccc(cc1Cl)C(=O)Nc2ccc(cc2)c3nc4ccccc4[nH]3,0.838
c1ncc2n(c1Oc1ccc3c(c1)cc(c(c3)F)F)c(nn2)c1ccc(cc1)OC(F)F,0.8392
Nc1ccc(cc1)c2nc3cc(Oc4ccc(Oc5ccc6[nH]c(nc6c5)c7ccc(N)cc7)cc4)ccc3[nH]2,0.842
CCCCNCC(O)(c1ccc(Cl)cc1)c2ccc(Cl)cc2,0.843
COc1ccc(cc1)C2Sc3ccccc3N=C4C2=C(O)c5ccccc45,0.845
Clc1ccc2OC(=O)C=C(NC3CCN(CCCc4ccccc4)CC3)c2c1,0.846
c1ncc2n(c1OCCc1cc(c(cc1)F)F)c(nn2)Nc1cc(c(cc1)F)F,0.85
n1c(NCCO)c2c(cccc2)nc1Nc3cccc(OC)c3,0.854
CC(=O)Nc1nnc(SCc2c(C)cc(cc2C)C(C)(C)C)s1,0.871
CN(C)CCCNCc1oc(cc1)c2ccc(F)c(Cl)c2,0.8755
C12=C(c3c(cccc3)C1=O)Nc4c(cccc4)SC2c5ccccc5,0.89
Clc1ccc(cc1)S(=O)(=O)N2CCC(CC2)C(=O)NCc3occc3,0.8905
OC(CN1C(=N)N(CCN2CCCCC2)c3ccccc13)c4cccc(Br)c4,0.893
c1(sc(cc2c(c3CC2)c4ccc3)c4n1)NC(=O)c(cc5OC)cc(OC)c5OC,0.898
O=C(NC1=C(F)C(Cl)=CC=C1)C2=CN=CC(N23)=NN=C3C4=CC=C(OC(F)F)C=C4,0.9018
CC1=CC(=O)Oc2c1ccc3oc(C(=O)c4ccc(C)cc4)c(C)c23,0.906
COc1ccc(OC)c(c1)C2C3=C(CC(C)(C)CC3=O)N(C4=C2C(=O)CC(C)(C)C4)c5ccc(Cl)c(Cl)c5,0.912
c([nH]nc1c2c(O)cc(C)c(Cl)c2)(C3=O)c1C(c4ccccc4F)N3CCc(cc5)ccc5OC,0.916
COc1cc2cc(C(=O)Nc3ccccc3)c(N)nc2cc1OC,0.927
C12(Nc(cccc3)c3c4n1c5c(cccc5)n4)C(=O)Nc(ccc(OC)c6)c26,0.928
FC(F)OC(C=C1)=CC=C1C2=NN=C3C=NC=C(OCCC4=CC=C(OC)C=C4)N32,0.928
c1(c(cnn1c2cccc(C)c2)C(=O)N3)N=C3n4nc(C)cc4NC(=O)c5cc(cccc6)c6o5,0.929
O=C1C2=CC=CC=C2[C@@H](C(NC3=CC(C#N)=C(F)C=C3)=O)[C@H](C4=CN=CC=C4)N1CC(F)(F)F,0.93
COc1ccc(cc1CN2CCN(CC2)c3ccc(F)cc3)C4NCCc5c4[nH]c6ccccc56,0.9345
Brc1ccc(cc1)S(=O)(=O)N2CCC(CC2)C(=O)NCc3occc3,0.939
N1C(c2cccc(cccc3)c23)C(CC=C4)C4c5c1c(Cl)ccc5C(OC)=O,0.939
CCOc1ccc(cc1)C2N(C)c3ccccc3N2C,0.941
Clc1ccc2c(ccnc2c1)N3CCCC3,0.944
CC(C)(C)c1ccc(cc1)C2CC(=C3C(N(C(=O)c4ccccc4Cl)c5ccccc5N=C3C2)c6ccc(F)cc6)O,0.9465
Cc1ccc(Cn2c(nc3ccccc23)N4CCC(CC4)C(=O)NCc5cccs5)cc1,0.947
n1(nc(C)cc1NC(=O)c(cccc2C(F)(F)F)c2)c3scc(c(ccc(OCO4)c45)c5)n3,0.959
n12c(nc(c3ccc(Cl)s3)cc1C(F)(F)F)cc(C(=O)NC(CC4)CCN4Cc5ccccc5)n2,0.959
COc1ccc2nc(C)cc(Nc3cccc(O)c3)c2c1,0.969
CN1C(N(C)c2ccccc12)c3ccc4OCOc4c3,0.994
Clc1ccc(C=CC2=NC(=O)c3ccccc3O2)cc1,0.995
CCN1C(=Nc2ccccc2C1=O)SCC(=O)Nc3cc(ccc3Cl)C(F)(F)F,1
n1c(N)c2c(cccc2)nc1Nc3cccc(F)c3,1
CC1CC2=C(CC1CNCCCN(C)C)C(C)(C)CCC2,1.005
Clc1ccc2nc(cc(C(=O)NC3CCN(Cc4ccccc4)CC3)c2c1)c5cccnc5,1.01
n(CC(CNCCOC)O)(c1c2cc(Cl)cc1)c3c2cc(Cl)cc3,1.01
n12c(cc(C(C)(C)C)n1)nc(CCN3Cc4ccccc4OCC)c(C3)c2O,1.01
O=C(Nc1cccc(c1)C2=NCCN2)Nc3cccc(c3)C4=NCCN4,1.01
Oc1c(ccc2cccnc12)C(Nc3ccccn3)c4cccc(Oc5ccccc5)c4,1.01
C12=NN=C(C3=CC(OCO4)=C4C=C3)N1C(OCCC5=CC=CC=C5)=CN=C2,1.014
Cc1ccnc(NC(c2cccc(OCc3ccccc3)c2)c4ccc5cccnc5c4O)c1,1.015
c1(C(c(cccn2)c2)N3CCC(CC3)Cc4ccccc4)c(C)c(C)sc1NC(=O)c5ccco5,1.02
Clc1ccc2nc(cc(C(=O)NC3CCN(Cc4ccccc4)CC3)c2c1)c5ccncc5,1.02
c1(cc(Br)ccc1O)CN(CC2)CCN2Cc3cccc(F)c3,1.03
CC(Oc1ccc(NC(=O)c2cccs2)cc1)C(=O)c3ccc(Cl)cc3,1.03
C12=CC=CC=C1C3=C(C4(CCN(CC5=CC=CC=C5)CC4)OCC3)N2,1.033
C1(=NC(C)(Cc(cc(OC)c(OC)c2)c23)C)C3=NNC1=O,1.04
c1(OCC)c(OC)cc(cc1Cl)CN([H])CC(O)c2ccccc2,1.05
c12c(nc(c3ccc(OC)cc3)nc1N4CCN(C(=O)C5CCCCC5)CC4)sc(CCCC6)c26,1.06
c1ncc2n(c1C(=O)N(Cc1cc(ccc1)Cl)C)c(nn2)c1ccc(cc1)OC(F)F,1.06
CCOc1ccc(Nc2c3ccccc3nc4ccccc24)cc1,1.06
COc1ccc(cc1)C(=O)C2CC2c3ccc(Cl)cc3,1.06
COc1ccc(CNC(=O)C2=CC3=C(N=C4C=CC=CN4C3=O)N(CCc5ccccc5)C2=N)cc1,1.06
n(CC(CNCC1CCCO1)O)(c2c3cc(Cl)cc2)c4c3cc(Cl)cc4,1.06
O=C(NC1=CC(Cl)=CC=C1C)C2=CN=CC(N23)=NN=C3C4=CC=C(OC)C=C4,1.06
Brc1ccc(Nc2nc3ccccc3nc2Nc4ccc(Br)cc4)cc1,1.061
Brc1ccc(cc1)c2cc3C(=O)c4ccccc4c3nn2,1.07
c1ccc(cc1)c2ccc(cc2)c3nc4ccccc4[nH]3,1.07
n1c(cc(C)nc1Nc(cc2)ccc2NC(CCc3ccccc3)=O)N4CCCC4,1.07
O=C(NC1CCCCC1)C(N(CCc2ccccc2)C(=O)c3occc3)c4cccs4,1.07
O=C(Nc1ccc(cc1)N2CCN(Cc3ccccc3)CC2)c4cccs4,1.075
COc1ccc(CN2CCN(Cc3ccccc3)CC2)c(O)c1,1.08
OC(CNCc1ccccc1)Cn2c3ccccc3c4ccccc24,1.08
COc1cc(OC)cc(c1)C(=O)Nc2ccc(cc2)c3nc4ccccc4[nH]3,1.0895
COc1cccc(NC(=O)Cn2c(C)c(C#N)c3ccccc23)c1,1.09
c1(Nc(cc2)ccc2N(CC3)CCN3C)c4c(ccc(OC)c4)ncc1C(OCC)=O,1.1
CCCN1C(=N)C(=CC2=C1N=C3N(C=CC=C3C)C2=O)C(=O)NC4CCCCC4,1.109
COc1ccc(cc1)N2CCN(CC2)C(CNC(=O)C3CCCCC3)c4ccc5OCOc5c4,1.11
Cc1ccccc1OCCSc2nc3ccc(NC(=O)c4ccccc4)cc3s2,1.12
[C@H]1([C@@H](N(C1=O)C1CC1)c1cc(c(cc1)F)F)Oc1cncc2n1c(nn2)c1ccc(cc1)OC(F)F,1.121
CC1CCN(Cc2c(O)ccc3C=C(C(=O)Oc23)c4nc5ccccc5s4)CC1,1.132
CCCCCCN1C(=N)N(CC(O)COc2cccc(C)c2)c3ccccc13,1.135
Clc1ccc(cc1)C2(CN3CCC(CC3)NC(=O)CCc4occc4)CCC2,1.14
COc1nc(Nc2ccc(cc2)C(C)C)nc(OC)n1,1.14
Oc1ccc2ccccc2c1C(NC(=O)Cc3ccccc3)c4ccc(Cl)cc4,1.14
n1(c2c(cccc2)n3)c3c4c(cccc4)NC1(C)c5cccc(OC)c5,1.15
n1c(N(C)C)cc(C)nc1Nc(cc2)ccc2NC(=O)Nc3ccccc3,1.15
c1(C#N)nc(Cc2cccc(cccc3)c23)oc1N(CC4)CCN4C(c5ccccc5)c6ccccc6,1.16
c1(Cl)c(ccc(Cl)c1)OCC(O)CNC(C)(C)CC(C)(C)C,1.16
CC(=CCN1CCC(CC1)C(=O)Nc2ccc(cc2)c3nc4ccccc4[nH]3)C,1.16
Clc1ccc(NC(=O)Nc2ccc(Cl)c(Cl)c2)cc1Cl,1.16
Cc1ccc2nc(C)cc(Nc3cccc(c3)C(F)(F)F)c2c1,1.17
Oc1c(ccc2cccnc12)C(NC(=O)c3ccccc3)c4ccccc4,1.17
CCOC(=O)C1CCN(CC1)C(=O)CN2C(c3ccccc3C2=O)c4c[nH]c5ccccc45,1.175
c1(C(c2cccs2)N(CCN3c4ccccc4)CC3)c(C)c(C)sc1NC(c5ccccc5)=O,1.18
COc1cc(cc(OC)c1O)c2nc(c3ccccc3)c([nH]2)c4ccccc4,1.18
COc1ccc(cc1)C2C(C(=O)Nc3cccc(OC)c3)c4ccccc4C(=O)N2C5CCCCC5,1.18
C1(N(C)N=O)=C(NC2CCCCC2)C(=O)c(cccc3)c3C1=O,1.19
c12c(ncnc1N(CC3)CCN3C)c4c(ccc(Cl)c4)[nH]2,1.19
CCCc1c(C)nc2ccc(Br)cc2c1O,1.19
CCOC(=O)c1cnc2ccc(Cl)cc2c1NCCCN(C)C,1.19
COCCN(C(C(=O)NCc1ccc(OC)cc1)c2ccc(cc2)C(C)C)C(=O)Cc3cccs3,1.19
CCOc1ccc(CN2CCN(CC(O)COc3ccc(OCC(O)CN4CCN(Cc5ccc(OCC)cc5)CC4)cc3)CC2)cc1,1.2
O=C(/C(S/1)=C/C2=C(C)N(C3=CC=CC=C3)C(C)=C2)NC1=N\C4=CC(O)=CC=C4,1.2
O=C(/C(S/1)=C/C2=C(C)NC(C)=C2)NC1=N\C3=CC=CC=C3,1.2
O=C(/C(S/1)=C/C2=C(C)N(C(C)=C2)C3=CC=C(C#N)C=C3)NC1=N\C4=CC=CC=C4,1.2015
COc1cc(cc(OC)c1OC)C(=O)Nc2ccc(cc2)c3nc4ccccc4[nH]3,1.22
C12=C(N=CN(CCCN(C)C)C1=N)Oc3c(ccc(cccc4)c34)C2c5ccc(OC)cc5,1.23
c1(OCC)c(OCC)cc(cc1Cl)CN([H])C(C)C(O)c2ccccc2,1.24
COc1ccc2C3CC(=Nc4ccccc4N3C(=O)c2c1OC)c5ccc(C)cc5,1.24
N1(CC(=O)c(ccc(Cl)c2Cl)c2)c3c(cccc3)N(CCN4CCCCC4)C1=N,1.24
CC(C)c1ccc(CNCC(O)c2ccccc2)cc1,1.26
OC(Cn1nnc2ccccc12)Cn3c4ccc(Br)cc4c5cc(Br)ccc35,1.26
COc1cc2CCN(C)C3Cc4ccc(Oc5cc(CC6N(C)CCc7cc(OC)c(OC)c(Oc1cc23)c67)ccc5O)cc4,1.27
Cc1nc2ccccc2c(O)c1CC=C,1.29
COc1cccc(c1)c2nn(C)c3sc(cc23)C(=O)NCCN4CCN(CC4)c5ccccc5F,1.3
Cc1ccc2cc3c(N)c4c(C)ccc(C)c4nc3nc2c1,1.31
CCOc1ccccc1CNC(=O)C2C(N(CC(C)C)C(=O)c3ccccc23)c4cccs4,1.32
c(n1)(nc(NNC(=O)c(cc2)ccc2)cc1N(CCC3)C3)N(C4)CCC4,1.33
Cc1ccc(C)c(Cn2c(nc3ccccc23)N4CCC(CC4)C(=O)NCc5cccs5)c1,1.33
Cc1ccc(Cl)cc1N2CCN(CCCNC(=O)C3CCN(CC3)c4nc5ccccc5[nH]4)CC2,1.33
CCOc1cc(cc(Cl)c1O)C2NCCc3cc(OCC)c(OCC)cc23,1.33
c1ncc2n(c1C(NCc1ccc(cc1)Cl)=O)c(nn2)c1ccc(cc1)OC(F)F,1.34
Brc1ccc(cc1)c2oc(cc2)C(=O)Nc3ccc(CN4CCOCC4)cc3,1.36
Brc1ccccc1C(=O)Nc2nc(cs2)c3ccccn3,1.36
c1ncc2n(c1C(=O)N[C@@H](c1ccccc1)C)c(nn2)c1ccc(cc1)OC(F)F,1.36
CCOc1cc(Cl)c(cc1OCC)C(C)NC(=O)c2ccccc2,1.37
CCCCC(O)(C(CN1CCOCC1)c2ccc(Cl)cc2)c3ccc(Cl)cc3,1.38
c12c(C(=O)N(C)C(=O)N1C)n(Cc3cccc(OC)c3)c(Oc4ccccc4)n2,1.39
Nc1ccc(cc1)c2nc3cc(Cc4ccc5[nH]c(nc5c4)c6ccc(N)cc6)ccc3[nH]2,1.42
c1(N(CC2)CCN2C)c3c(nc(Nc(ccc4O)cc4)n1)cccc3,1.43
CCCN(CCC)CCCNC(=O)c1cc2c(nn(C)c2s1)c3ccc(OC)c(OC)c3,1.43
CCOc1cc(Br)c(cc1OCC)C(C)NC(=O)c2cccc(OC)c2,1.43
COc1cc(OC)cc(c1)N2C(=O)N(Cc3ccc(cc3)C(C)(C)C)c4ccccc4S2(=O)=O,1.43
COc1ccc(CCN2CCC(CN(C)Cc3cnn(c3)c4ccccc4)CC2)cc1,1.43
c1ncc2n(c1OCC1CCc3c1ccc(c3)Cl)c(nn2)c1ccc(cc1)OC(F)F,1.459
CCOC(=O)C1=C(C)N=C2SC(=Cc3ccccc3O)C(=O)N2C1c4ccc(OC)c5ccccc45,1.51
C12=NN=C(C3=CC=CC=C3)N1C(OCCC4=CC=CC=C4)=CN=C2,1.599
c1ncc2n(c1C(=O)N[C@H](c1ccccc1)C)c(nn2)c1ccc(cc1)OC(F)F,1.6
O=C(/C(S/1)=C/C2=C(C)N(C3=CC=C(OC)C=C3)C(C)=C2)NC1=N\C4=CC(O)=CC=C4,1.6
c1ncc2n(c1Oc1cc3c(cc1)ccc(n3)C(F)(F)F)c(nn2)c1ccc(cc1)OC(F)F,1.629
FC(F)OC(C=C1)=CC=C1C2=NN=C3C=NC=C(OCC4=CC=C(Cl)C=C4)N32,1.636
c1ncc2nnc(n2c1OCc1cccc2c1cccc2)c1ccc(cc1)OC(F)F,1.668
c1ncc2n(c1Oc1cc3nc(ccc3cc1)OC)c(nn2)c1ccc(cc1)OC(F)F,1.67
CCOc1ccc(cc1)n2cc(c3ccccc3)c4c(SCc5cc(C)ccc5C)ncnc24,1.705
O=C(NCC1Cc2cccc(c2O1)c3ccncc3)c4csc5CCCCc45,1.72
n1(c2c(cccc2)n3)c3c4c(cccc4)NC1(C)c5ccccc5,1.73
CC(CCC(=C)C)N1CCC(CC1)N2CCC(CC2)C(=O)NCCc3ccccc3,1.75
C12=C(N=CN(CCCn(ccn3)c3)C1=N)Oc4c(ccc(cccc5)c45)C2c6ccc(OC)c(OC)c6,1.79
CC(C)c1ccc(Cn2c(CCNC(=O)C)nc3ccccc23)cc1,1.79
COc1cc(CNCCc2ccc(Cl)cc2)cc(OC)c1O,1.79
O=C(/C(S/1)=C/C2=C(C)N(C3=CC=CC=C3)C(C)=C2)NC1=N\C4=CC=C(O)C=C4,1.8
c1ncc2n(c1Oc1ccc/3c(c1)OC(/C=C3/C)(C)C)c(nn2)c1ccc(cc1)OC(F)F,1.822
CCN1CCN(CC1)c2cc(C)c3cc(NC(=O)c4ccc(OC)c(OC)c4)ccc3n2,1.86
c1ncc2n(c1Oc1ccc3c(c1)onc3C)c(nn2)c1ccc(cc1)OC(F)F,1.928
Clc1ccc(Cl)c(c1)c2oc(cc2)C(=O)Nc3ccc(CN4CCOCC4)cc3,1.945
c1cc(cc2c1n(cc2)C)Oc1cncc2n1c(nn2)c1ccc(cc1)OC(F)F,1.983
FC(F)OC(C=C1)=CC=C1C2=NN=C3C=NC=C(OCCCC45C6C7C4C8C5C6C87)N32,1.995
c1ncc2n(c1N1CCC(C1)c1ccccc1)c(nn2)c1ccc(cc1)OC(F)F,2
COc1ccc2nc(C)cc(Nc3ccc(Cl)cc3)c2c1,2
FC(F)Oc1ccc(cc1)c3nnc4cncc(OCC(N)c2ccccc2)n34,2
c1ncc2n(c1Oc1ccc3c(c1)cnc(n3)C(F)(F)F)c(nn2)c1ccc(cc1)OC(F)F,2.025
c1ncc2nnc(n2c1OCCc1ccc(c(c1)F)F)N1CCc2c1ccc(c2)F,2.05
Fc1ccc(NC(=O)Nc2ccc(Cl)c(Cl)c2)cc1Cl,2.06
FC(F)OC(C=C1)=CC=C1C2=NN=C3C=NC=C(OCC4=CC=CC=C4)N32,2.239
CC1=CC(/C=C(S/2)/C(NC2=N\C3=CC=CC=C3)=O)=C(C)N1C4=CC=C(N)C=C4,2.3
O=C(/C(S/1)=C/C2=C(C)N(C3=CC=C([N+]([O-])=O)C=C3)C(C)=C2)NC1=N\C4=CC(O)=CC=C4,2.3
O=C(/C(S/1)=C/C2=C(C)N(C(C)=C2)C3=CC=C(I)C=C3)NC1=N\C4=CC=CC=C4,2.4535
ClC1=CC=CC(C2=NN=C3N2C(OCCC4=CC=CC=C4)=CN=C3)=C1,2.5
c1ncc2n(c1Oc1cc3c(cc1)CCCC3)c(nn2)c1ccc(cc1)OC(F)F,2.581
c1ncc2n(c1OCCc1cc(c(cc1)F)F)c(nn2)N1CCCCC1,2.63
c1ncc2n(c1Oc1ccc(cc1)Cl)c(nn2)c1ccc(cc1)OC(F)F,2.96
c1ncc2n(c1Oc1cccc(c1)Cl)c(nn2)c1ccc(cc1)OC(F)F,3.066
c1ncc2n(c1C(=O)NCCc1ccccc1)c(nn2)c1ccc(cc1)OC(F)F,3.17
c1(ncc2n(c1)c(nn2)c1ccc(cc1)OC(F)F)Oc1ccc(c(c1)F)F,3.446
FC(C(F)=C1)=CC=C1CCOC2=CC=CC3=NN=C(C4=CC=C(C#N)C=C4)N32,3.5
c1ncc2n(c1C(N1C(CCC1)c1ccccc1)=O)c(nn2)c1ccc(cc1)OC(F)F,3.56
O=C(/C(S/1)=C/C2=C(C)N(C(C)=C2)C3=CC=C(S(=O)(N)=O)C=C3)NC1=N\C4=CC=CC=C4,3.7145
c1ncc2nnc(n2c1C(Nc1ccc(cc1)F)=O)c1ccc(cc1)OC(F)F,3.74
Cc1ccc(Nc2nc(N)c3ccccc3n2)cc1Cl,4
Cc1ccc2c(C)nc(Nc3nc(C)cc(n3)c4ccccc4)nc2c1,4
CCc1ccc(Nc2cc(C)nc3nc(C)nn23)cc1,4
CCCCc1c(C)nc2c(OC)cccc2c1O,4
CCOc1ccc(Nc2ccnc3cc(Cl)ccc23)cc1,4
CCOc1ccc2nc(C)cc(Nc3ccc(cc3)N(C)C)c2c1,4
CN(C)CCNc1cc(nc2ccccc12)c3ccccc3,4
CN1CCN(CC1)c2c3CCCc3c(C#N)c4nc5ccccc5n24,4
COc1cc(SC)ccc1C(=O)N2CCCC(C)C2,4
COc1cccc(Nc2nc(N)c3ccccc3n2)c1,4
c1[n+](cc2n(c1OCCc1cc(c(cc1)F)F)c(nn2)c1ccc(cc1)OC(F)F)[O-],4.01
CC(N1C2=CC(F)=CC=C2)=CC(/C=C(C(N/3C4=CC=CC=C4)=O)\SC3=N/C5=CC=CC=C5)=C1C,4.1
C=1\NC(c2n(/C1/OCCc1cc(c(cc1)F)F)c(nn2)c1ccc(cc1)OC(F)F)=O,4.13
OC(C1=CC=CC=C1)COC2=CN=CC3=NN=C(C4=CN=C(C(F)(F)F)C=C4)N32,4.2154
O=C(NC1=C(C)C(Cl)=CC=C1)C2=CN=CC(N23)=NN=C3C4=CC=C(OC(F)F)C=C4,4.5956
FC(C=C1)=CC=C1N2C(C)=CC(CNC3CCN(CC4=CC=CC=C4)CC3)=C2C,4.8
FC(F)OC(C=C1)=CC=C1C2=NN=C3C=NC=C(OC(C)C4=CC=C(C#N)C=C4)N32,4.801
N1(CC(C1)Oc1cc(c(cc1)F)F)c1cncc2n1c(nn2)c1ccc(cc1)OC(F)F,4.96
ClC(C=CC=C1)=C1C2=NN=C3N2C(OCCC4=CC=CC=C4)=CN=C3,5
FC(OC(C=C1)=CC=C1C2=NN=C3N2C(OCC4=NC=CC=C4)=CN=C3)F,5
FC1=CC(C2=NN=C3N2C(OCCC4=CC=CC=C4)=CN=C3)=CC(F)=C1,5
OC(COc2cncc3nnc(C1CCCCC1)n23)c4ccccc4,5
OC(COc2cncc3nnc(c1ccccc1)n23)c4ccccc4,5
ClC(C=CC=C1)=C1CCOC2=CC=CC3=NN=C(C4=CC=C(C#N)C=C4)N32,5.2
c1ncc2n(c1C(=O)Nc1ccc(cc1Cl)F)c(nn2)c1ccc(cc1)OC(F)F,5.576
O=C(NC1=C(F)C(Cl)=CC=C1)C2=CN=CC(N23)=NN=C3C4=CC=C(OC)C=C4,5.66
c1ncc2n(c1Oc1cccc(c1)Oc1ccccn1)c(nn2)c1ccc(cc1)OC(F)F,6.038
c1ncc2n(c1Oc1ccc3c(c1)nn(c3)C)c(nn2)c1ccc(cc1)OC(F)F,6.203
c1ncc2n(c1n1ncc(c1)c1cc(c(cc1)F)F)c(nn2)c1ccc(cc1)OC(F)F,6.721
c1(ccc2n(n1)c(nn2)c1ccc(cc1)OC(F)F)OCCc1cc(c(cc1)F)F,6.779
N#CC(C=C1)=CC=C1C2=NN=C3C=CC=C(OCCC4=CC=CC=C4)N32,6.8
c1nc(c2n(c1OCCc1cc(c(cc1)F)F)c(nn2)c1ccc(cc1)OC(F)F)N(CC)CC,6.86
c1nc(c2n(c1OCCc1cc(c(cc1)F)F)c(nn2)c1ccc(cc1)OC(F)F)C,6.92
O=C(NC1=CC=C(Cl)C=C1)C2=CN=CC3=NN=C(C4=CC=C(OC(F)F)C=C4)N32,8.1938
C1NCc2n(C1CCO)c(nn2)c1ccc(cc1)OC(F)F,8.37
FC(F)OC(C=C1)=CC=C1C2=NN=C3C=NC=C(OC(C)C4=CC=C(F)C(F)=C4)N32,8.586
c1(ccccc1)CCCC1CNCc2n1c(nn2)c1ccc(cc1)OC(F)F,8.76
CC1=CC(=C(C)[N]1C2=CC=C(C=C2)F)C(=O)OCC(=NC)O,9.4
c1ncc2n(c1Nc1ccc(c(c1)Cl)Cl)c(nn2)c1ccc(cc1)OC(F)F,9.635
[C@H](COc1cncc2n1c(nn2)c1ccc(cc1)OC(F)F)(c1cc(c(cc1)F)F)NC,10
[C@H]1(C(N([C@@H]1c1cc(c(cc1)F)F)C1CC1)=O)Oc1ncc2n(c1)c(nn2)c1ccc(cc1)OC(F)F,10
c1(C(NCc2cncc3n2c(nn3)c2ccc(cc2)OC(F)F)=O)cc(ccc1)Cl,10
C1(CC1)(C(Oc1cncc2n1c(nn2)c1ccc(cc1)OC(F)F)C(F)(F)F)c1ccc(c(c1)F)F,10
c1(ccc2n(n1)c(nn2)c1ccc(cc1)C#N)NCCc1cnccc1,10
c1(CCN2CCOCC2)cncc2n1c(nn2)c1ccc(cc1)OC(F)F,10
c1(ncc2n(c1)c(nn2)c1ccc(cc1)OC(F)F)NC(Cc1cccc(c1)Cl)=O,10
c1(ncc2n(c1)c(nn2)c1ccc(cc1)OC(F)F)Nc1ccc(c(c1)F)F,10
c1(ncc2n(c1)c(nn2)c1ccc(cc1)OC(F)F)NCc1cc(c(cc1)F)F,10
c1(ncc2n(c1)c(nn2)c1ccc(cc1)OC(F)F)NCCc1ccc(cc1)F,10
C12=NN=C(C3=CC(C=CC=C4)=C4C=C3)N1C(OCC5=NC=CC=C5)=CN=C2,10
C12=NN=C(C3=CC(OCO4)=C4C=C3)N1C(OCC5=NC=CC=C5)=CN=C2,10
C1N(Cc2n(C1)c(nn2)c1ccc(cc1)OC(F)F)C(CN)=O,10
c1nc(c2n(c1OCCc1cc(c(cc1)F)F)c(nn2)c1ccc(cc1)OC(F)F)N,10
C1NCc2n(C1)c(nn2)c1ccc(cc1)OC(F)F,10
c1ncc2n(c1C(=O)N1CCc3c1ccc(c3)F)c(nn2)c1ccc(cc1)OC(F)F,10
c1ncc2n(c1C(=O)Nc1ccnc(c1)C(F)(F)F)c(nn2)c1c(nn(c1C)c1ccc(cc1)F)C,10
c1ncc2n(c1C(N1CCCC1)=O)c(nn2)c1ccc(cc1)OC(F)F,10
c1ncc2n(c1C(N1CCN(CC1)c1ncccc1)=O)c(nn2)c1ccc(cc1)OC(F)F,10
c1ncc2n(c1C(N1CCN(CC1)S(=O)(C)=O)=O)c(nn2)c1ccc(cc1)OC(F)F,10
c1ncc2n(c1C(N1CCOCC1)=O)c(nn2)c1ccc(cc1)OC(F)F,10
c1ncc2n(c1C(Nc1ncccc1)=O)c(nn2)c1ccc(cc1)OC(F)F,10
c1ncc2n(c1C(NCC1CCOCC1)=O)c(nn2)c1ccc(cc1)OC(F)F,10
c1ncc2n(c1C(NCCN1CCOCC1)=O)c(nn2)c1ccc(cc1)OC(F)F,10
c1ncc2n(c1CCN1Cc3c(C1)cccc3)c(nn2)c1ccc(cc1)OC(F)F,10
c1ncc2n(c1CCO)c(nn2)c1ccc(cc1)OC(F)F,10
c1ncc2n(c1n1ccnc1Cc1cc(c(cc1)F)F)c(nn2)c1ccc(cc1)OC(F)F,10
c1ncc2n(c1Oc1ccc(c(c1)Cl)Cl)c(nn2)c1c(n(nc1C)c1ccc(cc1)F)C,10
c1ncc2n(c1Oc1ccc3c(c1)n(nc3)C)c(nn2)c1ccc(cc1)OC(F)F,10
c1ncc2n(c1OCC(F)(F)F)c(nn2)c1c(n(nc1C)c1ccc(cc1)F)C,10
c1ncc2n(c1OCC(F)(F)F)c(nn2)c1ccc(cc1)OC(F)F,10
c1ncc2n(c1OCCc1cc(c(cc1)F)F)c(nn2)C1CCN(CC1)C(C)=O,10
c1ncc2n(c1OCCc1cc(c(cc1)F)F)c(nn2)C1CCOCC1,10
ClC1=CC=CC=C1CCOC2=CN=CC3=NN=C(C4=CC=NC=C4)N32,10
FC(C=C1)=C(F)C=C1CCOC2=CN=CC3=NN=CN32,10
FC(F)OC(C=C1)=CC=C1C2=NN=C3C=NC=C(OC[C@H](NC)C4=CC=CC=C4)N32,10
FC(F)OC(C=C1)=CC=C1C2=NN=C3C=NC=C(OCC(N=N4)=CN4C5=CC=CC=C5)N32,10
FC(F)OC(C=C1)=CC=C1C2=NN=C3C=NC=C(OCC4=CN(C5=NC(Cl)=CN=C5)N=N4)N32,10
FC(F)OC(C=C1)=CC=C1C2=NN=C3C=NC=C(OCC4=CN(CC5=CC=CC=C5)N=N4)N32,10
FC(F)OC(C=C1)=CC=C1C2=NN=C3C=NC=C(S(CCC4=CC=CC=C4)=O)N32,10
FC(F)OC(C=C1)=CC=C1C2=NN=C3C=NC=C(SCCC4=CC=CC=C4)N32,10
FC(F)Oc1ccc(cc1)c2nnc3cncc(OC)n23,10
FC1=C(F)C=CC(C(N(C)C)COC2=CN=CC3=NN=C(C4=CC=C(C#N)C=C4)N32)=C1,10
FC1=CC(C2=NN=C3N2C(OCC4=NC=CC=C4)=CN=C3)=CC(F)=C1,10
IC12C(C3C1C4C52)C5C34C6=NN=C7C=NC=C(OCCC8=CC(F)=C(F)C=C8)N76,10
IC12C3C4C5(C3C1C5C24)C6=NN=C7C=NC=C(C(NC8=CC(C(F)(F)F)=NC=C8)=O)N76,10
N(c1cncc2n1c(nn2)c1ccc(cc1)OC(F)F)S(Cc1ccc(cc1)C(F)(F)F)(=O)=O,10
N1(CC(C1)c1ccccc1)c1cncc2n1c(nn2)c1ccc(cc1)OC(F)F,10
O=C(N1CC(C=CC=C2)=C2C1)C3=CN=CC4=NN=C(C5=CC=C(OC(F)F)C=C5)N43,10
O=C(NC1=C(C)C(Cl)=CC=C1)C2=CN=CC(N23)=NN=C3C4=CC=C(OC)C=C4,10
O=C(NC1=CC(Cl)=CC=C1)C2=CN=CC(N23)=NN=C3C4=CN=CC=C4,10
O=C(NC1=CC(Cl)=CC=C1)C2=CN=CC(N23)=NN=C3C4=NC=CC=C4,10
OC(COc1cncc2nnc(CC)n12)c3ccccc3,10
OC1=CN=CC2=NN=C(N3CCCCC3)N21,10
CC(N1C2=CC=C(F)C=C2)=C(C(OC(C)C(N)=O)=O)C=C1C,11
CC1=CC(=C(C)[N]1C2=CC=C(C=C2)F)C(=O)OCC(N(C)C)=O,11.3
CC1=CC(=C(C)[N]1C2=CC=C(C=C2)Cl)CNC3CCN(CC3)CC(=NC)O,14.7
CCN=C([C@@H]1C[C@H](CN1CC2=C(C)[N](C(=C2)C)C3=CC=CC=C3Cl)N)O,24.7
CC(N1C2=CC=C(C(F)(F)F)C=C2)=C(/C=C(C(N/3CC#N)=O)\SC3=N/C4=CC=CC=C4)C=C1C,50
CC(N1C2=CC=C(C(F)(F)F)C=C2)=C(/C=C3SC(N(CC#N)C4=CC=CC=C4)=NC\3=O)C=C1C,50
CC(N1C2=CC=C(C(F)(F)F)C=C2)=CC(C(O)=O)=C1C,50
CC(N1C2=CC=C(F)C=C2)=C(C(CCC(N)=O)=O)C=C1C,50
CC(N1C2=CC=C(F)C=C2)=C(C(O)=O)C=C1C,50
CC(N1C2=CC=C(F)C=C2)=CC(C(NCC(N)=O)=O)=C1C,50
CC(N1C2=CC=CC=C2)=CC(C(O)=O)=C1C,50
CC(N1C2=CC=CC=C2)=CC(C=O)=C1C,50
CC1=CC(=C(C)[N]1C2=CC=C(C=C2)Br)C(N(C)CC(=NC)O)=O,50
CC1=CC(=C(C)[N]1C2=CC=CC=C2)C(=NCC(N(C)C)=O)O,50
CC1=CC(=C(C)[N]1C2=CC=CC=C2)C(N3CCN=C(C3)O)=O,50
CC1=CC(=C(C)[N]1C2=CC=CC=C2)C3=NN=C(O3)SCC(=NC4=CC(=CC=C4)OC)O,50
CC1=CC(=CC=C1)[N]2C(=CC(=C2C)C(N(C)CC(N=C3C=C(C)ON3)=O)=O)C,50
CC1=CC(C=O)=C(C)N1C1=CC=C(F)C=C1,50
CC1=CC=C(N2C(C)=C(C(O)=O)C=C2C)C=C1,50
CC1=CC=C(N2C(C)=C(C=O)C=C2C)C=C1,50
CCC1=CC=C(C=C1)[N]2C(=CC(=C2C)CN3CCC(CC3)C(=O)O)C,50
CCN(CC(=NC1=C(C=CC=C1F)F)O)C(C2=C(C)[N](C(=C2)C)C3=CC=C(C=C3)F)=O,50
CCOC(C1=C(C)N(C2=CC=C(C=C2)C)C(C)=C1)=O,50
ClC1=CC=CC(C(NC2=CC(C(F)(F)F)=NC=C2)=O)=N1,50
ClC1=CC=CC(N/N=C/C2=CC=C(C#N)C=C2)=N1,50
ClC1=CC=CC2=NN=C(C3=CC=C(C#N)C=C3)N21,50
FC(C=C1)=CC=C1N2C(C)=C(C(N(C)C)=O)C=C2C,50
FC(C=C1)=CC=C1N2C(C)=C(C(N(C)CC(N)=O)=O)C=C2C,50
FC(C=C1)=CC=C1N2C(C)=C(C(NC(CO)C(OC)=O)=O)C=C2C,50
FC(C=C1)=CC=C1N2C(C)=C(C(OC(C)(C)C(N)=O)=O)C=C2C,50
FC(C=C1)=CC=C1N2C(C)=C(C3=NC(C(OC)=O)=CO3)C=C2C,50
FC(C=C1)=CC=C1N2C(C)=C(CN(C)CC(N)=O)C=C2C,50
FC(C=C1)=CC=C1N2C(C)=C(CN3CCCC3)C=C2C,50
FC(C=C1)=CC=C1N2C(C)=C(CNCC(N)=O)C=C2C,50
FC(C=C1)=CC=C1N2C=C(C(OCC(N)=O)=O)C=N2,50
FC1=CC=C(N2C(C)=C(S(N(CC(N)=O)C)(=O)=O)C(S(N(C)CC(N)=O)(=O)=O)=C2C)C=C1,50
FC1=CC=C(N2C(C)=CC(C(CCC(N(C)C)=O)=O)=C2C)C=C1,50
FC1=CC=C(N2C(C)=CC(C(CCC(NC)=O)=O)=C2C)C=C1,50
FC1=CC=C(N2C(C)=CC(C(CCC(O)=O)=O)=C2C)C=C1,50
FC1=CC=C(N2C(C)=CC(C(N(C(NC3CCCCC3)=O)C4CCCCC4)=O)=C2C)C=C1,50
FC1=CC=C(N2C(C)=CC(C(NC3=C(C)N(C)N(C4=CC=CC=C4)C3=O)=O)=C2C)C=C1,50
FC1=CC=C(N2C(C)=CC(C(NCC(NC3=C(C)N(C)N(C4=CC=CC=C4)C3=O)=O)=O)=C2C)C=C1,50
FC1=CC=C(N2C(C)=CC(C(OC(C)C(O)=O)=O)=C2C)C=C1,50
FC1=CC=C(N2C(C)=CC(C(OC(C)C(OCC)=O)=O)=C2C)C=C1,50
FC1=CC=C(N2C(C)=CC(C3=NC(C(O)=O)=CO3)=C2C)C=C1,50
FC1=CC=C(N2C(C)=CC(S(N(C)CC(N)=O)(=O)=O)=C2C)C=C1,50
FC1=CC=C(N2C(C)=CC(S(NCC(N)=O)(=O)=O)=C2C)C=C1,50
FC1=CC=C(N2N=CC(C3=NC(C(N)=O)=CO3)=C2C)C=C1,50
FC1=CC=C(N2N=CC(C3=NC(C(O)=O)=CO3)=C2C)C=C1,50
FC1=CC=C(N2N=CC(C3=NC(C(OC)=O)=CO3)=C2C)C=C1,50
FC1=CC=C(N2N=NC(COC(CBr)=O)=C2)C=C1,50
FC1=CC=C(N2N=NC(COCC(N)=O)=C2)C=C1,50
FC1=CC=C(N2N=NC(COCC(OC)=O)=C2)C=C1,50
FC1=CC=C(N2N=NC(COCC(OCC)=O)=C2)C=C1,50
FC1=CC=C(N2N=NC(COCC(OCC3=CN(C4=CC=C(F)C=C4)N=N3)=O)=C2)C=C1,50
O=C(/C(S/1)=C/C2=C(C)N(C3=CC=CC=N3)C(C)=C2)NC1=N\C4=CC=C(O)C=C4,50
O=C(C1=C(C)N(C2=CC=C(C(F)(F)F)C=C2)C(C)=C1)OCC,50
O=C(C1=C(C)N(C2=CC=C(F)C=C2)C(C)=C1)OCC,50
O=C(C1=C(C)N(C2=CC=CC=C2)C(C)=C1)OCC,50
O=C(N/C1=N/C2=CC=CC=C2)/C(S1)=C/C3=CC=CC=C3,50
O=C(NC1=C(C)N(C)N(C2=CC=CC=C2)C1=O)CNC(C3=CC=CC=C3)=O,50
O=C(NC1=CC=NC(C(F)(F)F)=C1)C2=CC=CC(N/N=C/C3=CC=C(C#N)C=C3)=N2,50
O=C(NC1=CC=NC(C(F)(F)F)=C1)C2=CC=CC3=NN=C(C4=CC=C(C#N)C=C4)N32,50
O=C(OCC(N)=O)C1=C(C)N(N=C1)C2=CC=CC=C2,50
